StartDate,EndDate,Status,Progress,Duration (in seconds),Finished,RecordedDate,ResponseId,DistributionChannel,UserLanguage,toronto_1,toronto_2,toronto_3,toronto_4,toronto_5,toronto_6,toronto_7,toronto_8,toronto_9,toronto_10,toronto_11,toronto_12,toronto_13,toronto_14,toronto_15,toronto_16,toronto_17,toronto_18,toronto_19,toronto_20,das_1,das_2,das_3,das_4,das_5,das_6,das_7,das_8,das_9,das_10,das_11,das_12,das_13,das_14,das_15,das_16,das_17,das_18,das_19,das_20,das_21,SC0,participant,condition
Start Date,End Date,Response Type,Progress,Duration (in seconds),Finished,Recorded Date,Response ID,Distribution Channel,User Language,"Read the statements and select the option which applies closest to your own personal experience, and select your answer as truthfully as possible.

 

Remember that all answers are anonymously recorded



Your responses will not be individually analysed - 1. I am often confused about what emotion I am feeling.","Read the statements and select the option which applies closest to your own personal experience, and select your answer as truthfully as possible.

 

Remember that all answers are anonymously recorded



Your responses will not be individually analysed - 2. It is difficult for me to find the right words for my feelings.","Read the statements and select the option which applies closest to your own personal experience, and select your answer as truthfully as possible.

 

Remember that all answers are anonymously recorded



Your responses will not be individually analysed - 3. I have physical sensations that even doctors don't understand.","Read the statements and select the option which applies closest to your own personal experience, and select your answer as truthfully as possible.

 

Remember that all answers are anonymously recorded



Your responses will not be individually analysed - 4. I am able to describe my feelings easily.","Read the statements and select the option which applies closest to your own personal experience, and select your answer as truthfully as possible.

 

Remember that all answers are anonymously recorded



Your responses will not be individually analysed - 5. I prefer to analyze problems rather than just describe them.","Read the statements and select the option which applies closest to your own personal experience, and select your answer as truthfully as possible.

 

Remember that all answers are anonymously recorded



Your responses will not be individually analysed - 6. When I am upset. I don’t know if I am sad, frightened, or angry.","Read the statements and select the option which applies closest to your own personal experience, and select your answer as truthfully as possible.

 

Remember that all answers are anonymously recorded



Your responses will not be individually analysed - 7. I am often puzzled by sensations in my body.","Read the statements and select the option which applies closest to your own personal experience, and select your answer as truthfully as possible.

 

Remember that all answers are anonymously recorded



Your responses will not be individually analysed - 8. I prefer to just let things happen rather than to understand why they turned out that way.","Read the statements and select the option which applies closest to your own personal experience, and select your answer as truthfully as possible.

 

Remember that all answers are anonymously recorded



Your responses will not be individually analysed - 9. I have feelings that I can’t quite identify.","Read the statements and select the option which applies closest to your own personal experience, and select your answer as truthfully as possible.

 

Remember that all answers are anonymously recorded



Your responses will not be individually analysed - 10. Being in touch with emotions is essential.","Read the statements and select the option which applies closest to your own personal experience, and select your answer as truthfully as possible.

 

Remember that all answers are anonymously recorded



Your responses will not be individually analysed - 11. I find it hard to describe how I feel about people.","Read the statements and select the option which applies closest to your own personal experience, and select your answer as truthfully as possible.

 

Remember that all answers are anonymously recorded



Your responses will not be individually analysed - 12. People tell me to describe my feelings more.","Read the statements and select the option which applies closest to your own personal experience, and select your answer as truthfully as possible.

 

Remember that all answers are anonymously recorded



Your responses will not be individually analysed - 13. I don’t know what’s going on inside me.","Read the statements and select the option which applies closest to your own personal experience, and select your answer as truthfully as possible.

 

Remember that all answers are anonymously recorded



Your responses will not be individually analysed - 14. I often don’t know why I am angry.","Read the statements and select the option which applies closest to your own personal experience, and select your answer as truthfully as possible.

 

Remember that all answers are anonymously recorded



Your responses will not be individually analysed - 15. I prefer talking to people about their daily activities rather than their feelings.","Read the statements and select the option which applies closest to your own personal experience, and select your answer as truthfully as possible.

 

Remember that all answers are anonymously recorded



Your responses will not be individually analysed - 16. I prefer to watch “light” entertainment shows rather than psychological dramas.","Read the statements and select the option which applies closest to your own personal experience, and select your answer as truthfully as possible.

 

Remember that all answers are anonymously recorded



Your responses will not be individually analysed - 17. It is difficult for me to reveal my innermost feelings. even to close friends.","Read the statements and select the option which applies closest to your own personal experience, and select your answer as truthfully as possible.

 

Remember that all answers are anonymously recorded



Your responses will not be individually analysed - 18. I can feel close to someone, even in moments of silence.","Read the statements and select the option which applies closest to your own personal experience, and select your answer as truthfully as possible.

 

Remember that all answers are anonymously recorded



Your responses will not be individually analysed - 19. I find examination of my feelings useful in solving personal problems.","Read the statements and select the option which applies closest to your own personal experience, and select your answer as truthfully as possible.

 

Remember that all answers are anonymously recorded



Your responses will not be individually analysed - 20. Looking for hidden meanings in movies or plays distracts from their enjoyment.","Please read each statement and indicate how much the statement applied to you over the past week



There are no right or wrong answers.



Do not spend too much time on any statement.



The rating scale is as follows:

 

Did not apply to me at all - NEVER

 

Applied to me to some degree, or some of the time - SOMETIMES

 

Applied to me to a considerable degree, or a good part of time - OFTEN

 

Applied to me very much, or most of the time - ALMOST ALWAYS - 1. I couldn’t seem to experience any positive feeling at all","Please read each statement and indicate how much the statement applied to you over the past week



There are no right or wrong answers.



Do not spend too much time on any statement.



The rating scale is as follows:

 

Did not apply to me at all - NEVER

 

Applied to me to some degree, or some of the time - SOMETIMES

 

Applied to me to a considerable degree, or a good part of time - OFTEN

 

Applied to me very much, or most of the time - ALMOST ALWAYS - 2.	I found it difficult to work up the initiative to do things","Please read each statement and indicate how much the statement applied to you over the past week



There are no right or wrong answers.



Do not spend too much time on any statement.



The rating scale is as follows:

 

Did not apply to me at all - NEVER

 

Applied to me to some degree, or some of the time - SOMETIMES

 

Applied to me to a considerable degree, or a good part of time - OFTEN

 

Applied to me very much, or most of the time - ALMOST ALWAYS - 3.	I felt that I had nothing to look forward to","Please read each statement and indicate how much the statement applied to you over the past week



There are no right or wrong answers.



Do not spend too much time on any statement.



The rating scale is as follows:

 

Did not apply to me at all - NEVER

 

Applied to me to some degree, or some of the time - SOMETIMES

 

Applied to me to a considerable degree, or a good part of time - OFTEN

 

Applied to me very much, or most of the time - ALMOST ALWAYS - 4.	I felt down-hearted and blue","Please read each statement and indicate how much the statement applied to you over the past week



There are no right or wrong answers.



Do not spend too much time on any statement.



The rating scale is as follows:

 

Did not apply to me at all - NEVER

 

Applied to me to some degree, or some of the time - SOMETIMES

 

Applied to me to a considerable degree, or a good part of time - OFTEN

 

Applied to me very much, or most of the time - ALMOST ALWAYS - 5.	I was unable to become enthusiastic about anything","Please read each statement and indicate how much the statement applied to you over the past week



There are no right or wrong answers.



Do not spend too much time on any statement.



The rating scale is as follows:

 

Did not apply to me at all - NEVER

 

Applied to me to some degree, or some of the time - SOMETIMES

 

Applied to me to a considerable degree, or a good part of time - OFTEN

 

Applied to me very much, or most of the time - ALMOST ALWAYS - 6.	I felt I wasn’t worth much as a person","Please read each statement and indicate how much the statement applied to you over the past week



There are no right or wrong answers.



Do not spend too much time on any statement.



The rating scale is as follows:

 

Did not apply to me at all - NEVER

 

Applied to me to some degree, or some of the time - SOMETIMES

 

Applied to me to a considerable degree, or a good part of time - OFTEN

 

Applied to me very much, or most of the time - ALMOST ALWAYS - 7.	I felt that life was meaningless","Please read each statement and indicate how much the statement applied to you over the past week



There are no right or wrong answers.



Do not spend too much time on any statement.



The rating scale is as follows:

 

Did not apply to me at all - NEVER

 

Applied to me to some degree, or some of the time - SOMETIMES

 

Applied to me to a considerable degree, or a good part of time - OFTEN

 

Applied to me very much, or most of the time - ALMOST ALWAYS - 8.	I was aware of dryness of my mouth","Please read each statement and indicate how much the statement applied to you over the past week



There are no right or wrong answers.



Do not spend too much time on any statement.



The rating scale is as follows:

 

Did not apply to me at all - NEVER

 

Applied to me to some degree, or some of the time - SOMETIMES

 

Applied to me to a considerable degree, or a good part of time - OFTEN

 

Applied to me very much, or most of the time - ALMOST ALWAYS - 9.	I experienced breathing difficulty (e.g.,excessively rapid breathing, breathlessness in the absence of physical exertion)","Please read each statement and indicate how much the statement applied to you over the past week



There are no right or wrong answers.



Do not spend too much time on any statement.



The rating scale is as follows:

 

Did not apply to me at all - NEVER

 

Applied to me to some degree, or some of the time - SOMETIMES

 

Applied to me to a considerable degree, or a good part of time - OFTEN

 

Applied to me very much, or most of the time - ALMOST ALWAYS - 10.	I experienced trembling (e.g., in the hands)","Please read each statement and indicate how much the statement applied to you over the past week



There are no right or wrong answers.



Do not spend too much time on any statement.



The rating scale is as follows:

 

Did not apply to me at all - NEVER

 

Applied to me to some degree, or some of the time - SOMETIMES

 

Applied to me to a considerable degree, or a good part of time - OFTEN

 

Applied to me very much, or most of the time - ALMOST ALWAYS - 11.	I was worried about situations in which I might panic and make a fool of myself","Please read each statement and indicate how much the statement applied to you over the past week



There are no right or wrong answers.



Do not spend too much time on any statement.



The rating scale is as follows:

 

Did not apply to me at all - NEVER

 

Applied to me to some degree, or some of the time - SOMETIMES

 

Applied to me to a considerable degree, or a good part of time - OFTEN

 

Applied to me very much, or most of the time - ALMOST ALWAYS - 12.	I felt I was close to panic","Please read each statement and indicate how much the statement applied to you over the past week



There are no right or wrong answers.



Do not spend too much time on any statement.



The rating scale is as follows:

 

Did not apply to me at all - NEVER

 

Applied to me to some degree, or some of the time - SOMETIMES

 

Applied to me to a considerable degree, or a good part of time - OFTEN

 

Applied to me very much, or most of the time - ALMOST ALWAYS - 13.	I was aware of the action of my heart in the absence of physical exertion (e.g. sense of heart rate increase, heart missing a beat)","Please read each statement and indicate how much the statement applied to you over the past week



There are no right or wrong answers.



Do not spend too much time on any statement.



The rating scale is as follows:

 

Did not apply to me at all - NEVER

 

Applied to me to some degree, or some of the time - SOMETIMES

 

Applied to me to a considerable degree, or a good part of time - OFTEN

 

Applied to me very much, or most of the time - ALMOST ALWAYS - 14.	I felt scared without any good reason","Please read each statement and indicate how much the statement applied to you over the past week



There are no right or wrong answers.



Do not spend too much time on any statement.



The rating scale is as follows:

 

Did not apply to me at all - NEVER

 

Applied to me to some degree, or some of the time - SOMETIMES

 

Applied to me to a considerable degree, or a good part of time - OFTEN

 

Applied to me very much, or most of the time - ALMOST ALWAYS - 15.	I found it hard to wind down","Please read each statement and indicate how much the statement applied to you over the past week



There are no right or wrong answers.



Do not spend too much time on any statement.



The rating scale is as follows:

 

Did not apply to me at all - NEVER

 

Applied to me to some degree, or some of the time - SOMETIMES

 

Applied to me to a considerable degree, or a good part of time - OFTEN

 

Applied to me very much, or most of the time - ALMOST ALWAYS - 16.	I tended to over-react to situations","Please read each statement and indicate how much the statement applied to you over the past week



There are no right or wrong answers.



Do not spend too much time on any statement.



The rating scale is as follows:

 

Did not apply to me at all - NEVER

 

Applied to me to some degree, or some of the time - SOMETIMES

 

Applied to me to a considerable degree, or a good part of time - OFTEN

 

Applied to me very much, or most of the time - ALMOST ALWAYS - 17.	I felt that I was using a lot of nervous energy","Please read each statement and indicate how much the statement applied to you over the past week



There are no right or wrong answers.



Do not spend too much time on any statement.



The rating scale is as follows:

 

Did not apply to me at all - NEVER

 

Applied to me to some degree, or some of the time - SOMETIMES

 

Applied to me to a considerable degree, or a good part of time - OFTEN

 

Applied to me very much, or most of the time - ALMOST ALWAYS - 18.	I found myself getting agitated","Please read each statement and indicate how much the statement applied to you over the past week



There are no right or wrong answers.



Do not spend too much time on any statement.



The rating scale is as follows:

 

Did not apply to me at all - NEVER

 

Applied to me to some degree, or some of the time - SOMETIMES

 

Applied to me to a considerable degree, or a good part of time - OFTEN

 

Applied to me very much, or most of the time - ALMOST ALWAYS - 19.	I found it difficult to relax","Please read each statement and indicate how much the statement applied to you over the past week



There are no right or wrong answers.



Do not spend too much time on any statement.



The rating scale is as follows:

 

Did not apply to me at all - NEVER

 

Applied to me to some degree, or some of the time - SOMETIMES

 

Applied to me to a considerable degree, or a good part of time - OFTEN

 

Applied to me very much, or most of the time - ALMOST ALWAYS - 20.	I was intolerant of anything that kept me from getting on with what I was doing","Please read each statement and indicate how much the statement applied to you over the past week



There are no right or wrong answers.



Do not spend too much time on any statement.



The rating scale is as follows:

 

Did not apply to me at all - NEVER

 

Applied to me to some degree, or some of the time - SOMETIMES

 

Applied to me to a considerable degree, or a good part of time - OFTEN

 

Applied to me very much, or most of the time - ALMOST ALWAYS - 21.	I felt that I was rather touchy",Score,participant,condition
"{""ImportId"":""startDate"",""timeZone"":""America/Denver""}","{""ImportId"":""endDate"",""timeZone"":""America/Denver""}","{""ImportId"":""status""}","{""ImportId"":""progress""}","{""ImportId"":""duration""}","{""ImportId"":""finished""}","{""ImportId"":""recordedDate"",""timeZone"":""America/Denver""}","{""ImportId"":""_recordId""}","{""ImportId"":""distributionChannel""}","{""ImportId"":""userLanguage""}","{""ImportId"":""QID1_1""}","{""ImportId"":""QID1_2""}","{""ImportId"":""QID1_3""}","{""ImportId"":""QID1_4""}","{""ImportId"":""QID1_5""}","{""ImportId"":""QID1_6""}","{""ImportId"":""QID1_7""}","{""ImportId"":""QID1_8""}","{""ImportId"":""QID1_9""}","{""ImportId"":""QID1_10""}","{""ImportId"":""QID1_11""}","{""ImportId"":""QID1_12""}","{""ImportId"":""QID1_13""}","{""ImportId"":""QID1_14""}","{""ImportId"":""QID1_15""}","{""ImportId"":""QID1_16""}","{""ImportId"":""QID1_17""}","{""ImportId"":""QID1_18""}","{""ImportId"":""QID1_19""}","{""ImportId"":""QID1_20""}","{""ImportId"":""QID2_1""}","{""ImportId"":""QID2_2""}","{""ImportId"":""QID2_3""}","{""ImportId"":""QID2_4""}","{""ImportId"":""QID2_5""}","{""ImportId"":""QID2_6""}","{""ImportId"":""QID2_7""}","{""ImportId"":""QID2_8""}","{""ImportId"":""QID2_9""}","{""ImportId"":""QID2_10""}","{""ImportId"":""QID2_11""}","{""ImportId"":""QID2_12""}","{""ImportId"":""QID2_13""}","{""ImportId"":""QID2_14""}","{""ImportId"":""QID2_15""}","{""ImportId"":""QID2_16""}","{""ImportId"":""QID2_17""}","{""ImportId"":""QID2_18""}","{""ImportId"":""QID2_19""}","{""ImportId"":""QID2_20""}","{""ImportId"":""QID2_43""}","{""ImportId"":""SC_37MEbdXQB0d8CeF""}","{""ImportId"":""participant""}","{""ImportId"":""condition""}"
19/01/2021 09:40,19/01/2021 09:45,0,100,328,1,19/01/2021 09:45,R_3MssIdJQEt3zkPt,anonymous,EN,4,4,1,2,4,4,1,4,3,3,2,1,1,2,2,1,2,4,4,2,2,2,1,2,2,2,1,1,3,2,4,4,2,3,2,3,3,3,3,3,3,75,R_C1srUpKYeORwQkV,A
19/01/2021 10:49,19/01/2021 10:51,0,100,129,1,19/01/2021 10:51,R_3PRcnewXCnVeTgy,anonymous,EN,2,2,1,4,3,2,2,3,4,3,2,2,3,2,3,2,2,2,3,4,2,2,1,1,1,1,1,1,1,1,1,1,1,1,1,1,1,1,1,1,1,53,R_2BgnkoVQ2xd0JCM,B
22/01/2021 06:56,22/01/2021 07:00,0,100,230,1,22/01/2021 07:00,R_3FKcqLHJePcN3Gm,anonymous,EN,2,2,2,4,5,2,2,2,2,4,2,4,3,2,2,3,2,4,4,4,1,2,1,2,4,2,1,1,2,1,2,2,2,2,2,2,2,2,2,2,2,62,R_2VmuXIcE72GZDXG,A
24/01/2021 02:52,24/01/2021 03:00,0,100,436,1,24/01/2021 03:00,R_2R48hMit5IkmFmJ,anonymous,EN,3,2,1,4,3,2,2,2,2,4,2,2,2,3,2,1,1,4,4,1,1,2,1,1,2,1,1,1,1,1,1,1,1,1,1,1,1,2,1,1,2,42,R_2SC8Y4VLJl4LBSz,A
24/01/2021 03:06,24/01/2021 03:11,0,100,318,1,24/01/2021 03:11,R_1OZHsMdwGzSmvP5,anonymous,EN,1,1,1,5,3,1,1,1,1,3,1,1,1,1,3,3,1,1,5,5,1,1,2,2,1,1,1,1,1,1,1,1,1,1,2,1,1,1,1,1,1,39,R_3qVB0hUaNNJX8bY,B
24/01/2021 07:51,24/01/2021 07:55,0,100,279,1,24/01/2021 07:55,R_1H8qu8DvFtyQF0c,anonymous,EN,2,2,2,4,4,2,4,2,4,4,2,3,2,2,1,2,4,4,4,2,2,3,2,2,2,1,1,1,2,1,1,1,1,1,3,2,2,2,3,2,3,61,R_1115aM2ViF0qAvd,A
24/01/2021 12:08,24/01/2021 12:15,0,100,421,1,24/01/2021 12:15,R_3CZAEWjacglSwtp,anonymous,EN,4,4,2,2,3,4,4,4,3,3,4,4,5,4,4,4,5,3,3,3,1,2,2,2,2,2,1,1,1,1,1,1,2,1,3,2,2,1,3,2,2,87,R_1hFHoE0i8Qnxey4,B
25/01/2021 04:21,25/01/2021 04:33,0,100,673,1,25/01/2021 04:33,R_3eaSrBlhHBXjtWo,anonymous,EN,2,2,2,3,2,1,2,3,2,4,2,2,2,1,3,1,4,4,4,3,2,2,1,2,1,1,1,1,1,1,2,1,1,1,1,2,1,1,1,2,2,51,R_22zylArd9mX8rAn,A
27/01/2021 09:15,27/01/2021 09:19,0,100,226,1,27/01/2021 09:19,R_VW0xqM3uWkPZtfj,anonymous,EN,2,2,1,2,4,1,1,3,2,4,2,2,1,1,2,2,2,4,3,3,1,2,1,1,2,1,1,1,1,1,1,1,1,1,1,1,1,1,1,1,1,42,R_3GfHLsbkJLOvXx7,B
27/01/2021 14:14,27/01/2021 14:17,0,100,184,1,27/01/2021 14:17,R_6SFbO6Q5hm7w8AF,anonymous,EN,1,1,1,4,2,4,1,4,1,3,1,1,1,3,5,3,4,4,2,3,1,2,2,2,2,1,2,1,1,1,1,1,1,1,2,2,1,2,1,2,2,58,R_b8YBYzGMLpTyvkt,A
29/01/2021 06:00,29/01/2021 06:03,0,100,185,1,29/01/2021 06:03,R_1LtBRWIEKvVKtqH,anonymous,EN,2,2,2,4,3,2,2,3,2,4,2,2,2,2,4,2,2,4,4,2,1,1,1,1,1,1,1,2,2,1,1,1,1,1,2,2,2,2,1,1,2,50,R_1cVcTnQxVKZw6gJ,B
31/01/2021 15:09,31/01/2021 15:13,0,100,199,1,31/01/2021 15:13,R_3CUfOWJYpgMCxG3,anonymous,EN,5,5,4,2,5,5,4,1,5,4,5,2,5,5,4,2,2,4,4,4,2,2,3,3,3,4,3,3,1,1,3,3,2,3,4,4,4,4,4,4,1,109,R_269C8djfdVDbi59,B
04/02/2021 14:08,04/02/2021 14:13,0,100,286,1,04/02/2021 14:13,R_6SyOy42ZLsh26aJ,anonymous,EN,2,3,4,2,4,1,3,2,2,5,3,1,4,2,2,3,2,4,4,2,1,2,1,1,1,1,1,1,1,1,1,1,1,2,1,1,1,1,1,1,1,49,R_3huVV1jeMvCHHDP,B
06/02/2021 11:41,06/02/2021 11:50,0,100,487,1,06/02/2021 11:50,R_3EGShR6EEIqwnyZ,anonymous,EN,4,4,2,2,4,4,3,4,3,4,2,3,2,2,2,2,3,4,4,2,3,3,3,3,3,4,3,2,2,2,2,2,1,2,3,2,3,3,3,3,3,86,R_9nJFXsf9mwtbwit,B
08/02/2021 01:31,08/02/2021 01:34,0,100,171,1,08/02/2021 01:34,R_290THjkuen5D3q6,anonymous,EN,2,2,2,4,4,2,2,2,2,4,2,2,2,2,4,2,4,4,4,2,2,3,1,2,2,1,1,1,1,1,1,1,2,1,2,2,1,2,2,2,2,55,R_3JyqO7UyEPQATDx,A
09/02/2021 13:24,09/02/2021 13:29,0,100,260,1,09/02/2021 13:29,R_2R9Ouyp1TwL3SBE,anonymous,EN,1,1,1,4,5,1,1,2,1,4,1,1,2,1,1,4,2,5,4,1,1,2,1,1,1,1,1,2,1,1,1,1,1,1,2,1,1,1,2,2,1,34,R_2dutJTUPxgIengR,B
10/02/2021 06:34,10/02/2021 06:37,0,100,199,1,10/02/2021 06:38,R_22sJGj3UHZWiZsh,anonymous,EN,4,4,1,2,2,4,1,4,4,4,2,2,4,4,2,2,2,3,2,2,2,2,3,3,3,3,3,1,2,2,3,3,3,2,3,3,3,3,3,2,3,91,R_1ou6jLvzYvZen5x,B
11/02/2021 10:49,11/02/2021 10:54,0,100,314,1,11/02/2021 10:54,R_1CE2kzGbrK2PjgI,anonymous,EN,2,2,3,3,4,5,4,2,4,5,2,1,4,4,4,1,1,2,4,3,2,4,1,2,3,1,1,3,2,1,2,2,1,1,2,3,2,3,3,2,3,75,R_1F9TQPqbOyuZQHj,A
11/02/2021 11:04,11/02/2021 12:30,0,100,5155,1,11/02/2021 12:30,R_3s5Opy8jA7ZgRXg,anonymous,EN,3,3,2,4,4,3,3,2,3,4,3,5,3,3,4,2,4,4,4,3,2,2,1,1,2,2,1,2,1,1,1,1,1,1,3,2,1,2,2,2,2,67,R_2uPxmORE7voObtA,A
13/02/2021 04:53,13/02/2021 04:56,0,100,220,1,13/02/2021 04:56,R_Oeyol8ybZWw6DDj,anonymous,EN,4,4,5,2,4,4,5,4,5,4,4,4,5,4,3,5,4,3,3,3,2,3,3,3,3,4,4,3,4,4,4,4,4,4,4,4,4,4,4,4,4,130,R_1mL9G6ozveoLDHt,B
15/02/2021 11:11,15/02/2021 11:14,0,100,214,1,15/02/2021 11:14,R_2rU74siH59nOiFu,anonymous,EN,4,3,1,3,4,4,1,2,2,3,2,1,3,2,3,4,4,4,3,4,2,2,3,3,3,3,2,2,2,2,3,3,3,3,3,3,2,2,3,3,2,85,R_3xjk4dhWGKTBelr,B
19/02/2021 04:15,19/02/2021 04:19,0,100,241,1,19/02/2021 04:19,R_1OUB1TEKP6M4Cv3,anonymous,EN,1,1,4,5,4,1,1,3,1,3,1,3,1,2,3,5,5,4,2,5,2,2,3,2,2,2,1,3,3,1,1,1,1,1,3,1,1,3,2,1,2,65,R_3FR56K84EuxceeL,B
23/02/2021 04:29,23/02/2021 04:34,0,100,316,1,23/02/2021 04:34,R_1C8fx2uojiP6d8M,anonymous,EN,2,4,1,3,1,1,1,4,1,3,1,1,1,1,3,1,3,3,5,4,2,2,1,2,3,2,1,2,1,1,2,1,1,2,1,3,1,1,1,3,1,57,R_1E0AxSxnOgbjq0q,B
27/02/2021 10:44,27/02/2021 10:47,0,100,187,1,27/02/2021 10:47,R_3GoKiSfAk8YdW1k,anonymous,EN,1,1,1,5,4,1,1,1,1,5,1,1,1,1,3,2,1,3,3,3,1,1,1,1,1,1,1,1,1,1,1,1,1,1,1,1,1,1,2,2,1,32,R_2AZmFpwca1HiFSw,B
01/03/2021 02:07,01/03/2021 02:10,0,100,194,1,01/03/2021 02:10,R_29hvDm1Lvs0X0DU,anonymous,EN,3,4,4,4,5,3,4,2,3,4,2,3,1,1,2,3,2,4,4,5,2,1,2,1,1,1,1,1,1,1,2,2,1,2,2,1,3,2,2,2,1,62,R_wX0KseqnhRAM6yZ,B
01/03/2021 03:08,01/03/2021 03:17,0,100,502,1,01/03/2021 03:17,R_1DMCvKkwl0cWkHr,anonymous,EN,2,2,1,4,5,3,2,1,2,4,1,1,1,2,3,5,2,3,3,2,1,1,1,1,1,1,1,1,1,1,2,1,2,1,1,2,1,1,2,1,1,45,R_3pnG9hKCUc9hwO2,A
02/03/2021 05:19,02/03/2021 05:23,0,100,223,1,02/03/2021 05:23,R_1EYd69CfZx08uJC,anonymous,EN,4,4,3,2,5,2,2,4,4,4,2,4,4,4,4,3,4,4,4,2,2,2,3,3,2,3,4,2,3,2,3,2,3,3,3,3,4,3,3,3,2,97,R_4HDp4w44ryfsb73,A
02/03/2021 05:22,02/03/2021 05:26,0,100,237,1,02/03/2021 05:26,R_11XvRAjT0xw91KN,anonymous,EN,4,4,3,2,5,4,4,4,4,5,4,4,4,5,2,1,5,2,4,1,1,3,1,2,1,1,2,1,2,2,3,2,2,2,1,2,1,3,1,1,2,79,R_1OlUIOzlXy5gYJK,B
02/03/2021 06:22,02/03/2021 06:29,0,100,442,1,02/03/2021 06:29,R_8dCNCQ2cHxn1ncB,anonymous,EN,2,2,1,4,3,2,2,3,2,4,2,2,2,2,3,1,2,4,3,2,2,2,2,2,1,1,1,1,1,1,1,1,2,1,2,1,1,1,2,1,2,49,R_2fcBtneAc9LiU2f,B
02/03/2021 06:45,02/03/2021 06:49,0,100,276,1,02/03/2021 06:49,R_cMeHMYAKllLcI2l,anonymous,EN,2,2,2,4,4,4,4,2,2,5,2,1,2,4,2,2,1,4,4,4,2,3,3,2,2,1,1,2,2,1,2,2,2,2,2,4,2,3,2,3,3,68,R_3k6sr3XLrBoKxpm,B
03/03/2021 10:32,03/03/2021 10:38,0,100,342,1,03/03/2021 10:38,R_qF7ByPW7n6GrQGJ,anonymous,EN,2,2,2,4,5,2,4,2,2,5,1,4,1,1,1,1,2,5,5,1,2,2,1,2,1,1,1,2,2,2,1,2,2,1,2,1,2,2,2,1,2,46,R_1d4Db02mUQ8jB4G,B
03/03/2021 11:05,03/03/2021 11:08,0,100,155,1,03/03/2021 11:08,R_2U3FftD2w8nElOQ,anonymous,EN,2,2,1,4,3,2,1,3,2,4,1,1,1,1,3,3,2,3,3,3,1,2,1,1,1,1,1,2,1,1,1,1,1,1,1,1,1,1,1,1,1,43,R_u2F46KzhjElPZPH,B
04/03/2021 08:15,04/03/2021 08:18,0,100,204,1,04/03/2021 08:18,R_2315wfocdnapT0Q,anonymous,EN,3,4,4,3,4,4,4,2,4,4,4,3,3,4,2,1,4,4,3,2,2,2,2,2,2,2,1,2,2,2,3,3,3,3,3,2,2,3,3,3,3,87,R_3qLPjm0VEJucwU1,A
04/03/2021 21:01,04/03/2021 21:05,0,100,222,1,04/03/2021 21:05,R_C2Z2QfstdSco2Xv,anonymous,EN,4,4,1,3,5,2,2,1,2,4,4,4,1,3,4,2,5,4,4,2,1,1,1,2,1,2,2,1,2,1,2,2,2,1,4,3,2,2,4,4,3,71,R_yEbhPswcBGB8J2N,B
05/03/2021 10:20,05/03/2021 10:23,0,100,188,1,05/03/2021 10:23,R_3PzwpAA0SkfKMHS,anonymous,EN,2,2,2,4,4,2,2,2,2,4,2,2,2,2,4,4,2,4,4,3,1,2,2,2,2,1,2,1,1,1,1,1,1,2,2,2,2,2,2,2,2,57,R_1FgpgKKpIte5pRU,B
05/03/2021 11:31,05/03/2021 11:38,0,100,392,1,05/03/2021 11:38,R_1pPYM1kp7jPZdzQ,anonymous,EN,1,1,1,5,3,1,1,1,1,5,1,1,1,1,3,3,1,5,5,1,1,2,1,2,1,1,1,1,1,1,1,1,2,1,1,1,1,1,1,1,1,29,R_1o24N8yGZ8hMuHd,B
05/03/2021 11:43,05/03/2021 11:49,0,100,332,1,05/03/2021 11:49,R_2WMvGzHPYnzvllP,anonymous,EN,4,4,2,3,4,3,4,4,3,4,4,2,3,4,3,4,5,4,4,3,2,2,1,2,1,1,1,2,2,1,3,3,3,2,3,2,2,3,4,3,3,86,R_274q2GuIEMg1oJu,A
06/03/2021 07:29,06/03/2021 07:31,0,100,149,1,06/03/2021 07:31,R_2YeWoyJNcB8yqMt,anonymous,EN,5,5,2,2,4,5,4,2,4,3,5,3,4,5,4,2,5,4,2,2,2,3,3,3,4,4,3,3,4,3,4,4,2,4,4,4,4,4,4,4,3,122,R_2a9sflOFmNC4hsM,A
08/03/2021 06:07,08/03/2021 06:10,0,100,186,1,08/03/2021 06:10,R_2dXQMqHExUZdFZW,anonymous,EN,2,4,1,2,4,4,1,2,2,4,4,4,2,2,4,1,5,5,4,4,1,1,1,1,2,1,1,1,1,1,1,1,3,1,1,3,2,2,2,3,3,63,R_SAyNvarWh2arVnP,A
09/03/2021 06:41,09/03/2021 06:43,0,100,147,1,09/03/2021 06:43,R_2Enl0UaBx8iEn99,anonymous,EN,1,1,1,5,4,1,3,1,1,5,1,1,1,1,1,3,2,4,5,1,2,3,2,2,2,3,1,1,1,1,2,1,1,2,3,2,3,2,3,2,2,46,R_3PXjLz0N2gIAIYO,A
09/03/2021 12:51,09/03/2021 12:55,0,100,231,1,09/03/2021 12:55,R_1l5j1dyNZFPS5LF,anonymous,EN,2,2,2,4,4,2,3,1,2,4,2,2,2,2,2,2,4,4,4,1,2,2,2,2,2,2,2,1,2,1,1,2,2,1,2,2,2,2,2,2,1,57,R_1JXzM7SftfY9BY1,B
26/03/2021 06:25,26/03/2021 06:27,0,100,112,1,26/03/2021 06:27,R_3e8nVwA9zQQqdoE,anonymous,EN,4,4,3,3,4,4,4,2,2,4,4,3,3,2,2,2,2,3,3,4,2,2,3,3,3,2,2,1,3,1,2,2,2,3,3,3,3,3,3,3,3,87,R_Df4SVJJFlw07RgR,B
26/03/2021 18:21,26/03/2021 18:26,0,100,295,1,26/03/2021 18:26,R_2f0VJkKHVbOLyae,anonymous,EN,1,1,2,5,5,1,1,1,1,5,1,3,1,1,2,2,1,5,5,1,2,2,2,2,2,2,2,2,2,2,2,2,2,2,2,1,2,2,2,2,1,44,R_3EExDQoUTr79ma8,B
27/03/2021 05:44,27/03/2021 05:48,0,100,256,1,27/03/2021 05:48,R_1Gw9qD3L4j9uDnZ,anonymous,EN,5,5,1,1,4,2,4,5,5,2,4,1,3,1,4,5,4,5,5,1,1,1,1,1,1,1,1,1,1,1,1,1,1,1,1,2,1,1,1,2,1,65,R_8wUyyqQKpEGl7O1,A
27/03/2021 08:51,27/03/2021 08:59,0,100,506,1,27/03/2021 08:59,R_2YidChlK67erxpy,anonymous,EN,2,2,2,4,3,2,2,4,3,4,2,2,2,2,3,2,2,4,4,2,1,2,1,2,1,2,1,2,2,2,1,2,2,1,2,1,2,2,2,2,2,58,R_Z430HKoGh4P5iCJ,B
27/03/2021 09:54,27/03/2021 09:57,0,100,153,1,27/03/2021 09:57,R_1LG6ViOssuoYjJF,anonymous,EN,1,1,2,5,4,1,1,5,1,5,1,1,1,2,1,1,1,5,5,1,3,4,4,4,3,4,4,3,4,4,4,4,4,2,4,3,4,4,3,4,4,80,R_PBqPblUATT61JXX,A
27/03/2021 15:20,27/03/2021 15:23,0,100,159,1,27/03/2021 15:23,R_1Q9oCZv85MYspEf,anonymous,EN,4,5,4,1,4,3,3,3,5,4,5,5,5,5,4,3,5,2,3,4,3,3,3,3,3,3,3,2,3,1,3,3,3,3,3,3,3,3,3,3,1,116,R_2wB233O7ZtVoA25,A
28/03/2021 04:36,28/03/2021 04:41,0,100,328,1,28/03/2021 04:41,R_3L6zmKrGBLDkg1O,anonymous,EN,3,3,2,2,2,4,3,3,4,4,4,4,4,4,3,2,2,4,2,2,2,2,2,3,3,3,2,1,1,1,2,1,1,2,3,4,2,3,3,1,3,85,R_2WuI9P7Mkp5eVlT,B
28/03/2021 07:58,28/03/2021 08:03,0,100,319,1,28/03/2021 08:03,R_ZfWwRMJiCAN6XzH,anonymous,EN,2,5,1,2,4,1,3,2,4,5,2,5,3,1,1,2,4,5,4,2,2,4,3,2,1,1,2,3,2,1,1,1,1,2,3,3,1,1,2,1,1,65,R_2qf5dy1ZnOEiBAo,A
29/03/2021 00:26,29/03/2021 00:29,0,100,179,1,29/03/2021 00:29,R_3kn5aRJMsOCw4qy,anonymous,EN,1,2,1,3,5,1,1,2,1,4,1,1,1,1,4,4,2,4,1,4,1,3,2,1,2,1,1,1,1,1,2,1,1,1,1,1,1,1,1,1,1,45,R_3HRHFicwxFnqMeK,A
29/03/2021 04:30,29/03/2021 04:33,0,100,187,1,29/03/2021 04:33,R_125NTuK86RNTdXP,anonymous,EN,4,4,5,2,4,4,4,5,5,2,4,5,4,1,4,1,4,4,5,1,2,2,2,3,3,2,4,3,2,3,4,3,3,1,3,1,3,3,2,4,2,101,R_dnYPOmZO6gFC4Df,A
29/03/2021 11:35,29/03/2021 11:39,0,100,208,1,29/03/2021 11:39,R_2q1mlrvdyu5FE1K,anonymous,EN,2,3,2,3,3,2,2,3,1,2,3,3,2,2,2,1,2,2,3,4,1,2,2,2,2,2,2,1,2,2,1,2,2,2,2,2,2,1,3,2,2,68,R_3HNtVwRxxyC0WOd,B
29/03/2021 12:28,29/03/2021 12:32,0,100,192,1,29/03/2021 12:32,R_54j8ohcr5gjeV8t,anonymous,EN,1,2,1,4,4,2,1,2,2,4,2,2,2,2,3,4,5,4,5,3,2,3,2,2,2,1,1,1,1,1,2,2,1,1,3,1,2,3,2,2,1,58,R_1rChxD8F7rr48jG,B
30/03/2021 05:05,30/03/2021 05:23,0,100,1052,1,30/03/2021 05:23,R_1DFFMFYLKbaeo6A,anonymous,EN,3,2,2,4,2,2,2,2,2,4,2,2,2,2,3,4,2,3,3,4,2,2,2,3,2,3,2,2,2,3,3,2,3,3,2,3,2,3,2,3,3,79,R_1DCHNFWkihPcxvu,A
30/03/2021 14:43,30/03/2021 14:46,0,100,164,1,30/03/2021 14:46,R_1rPODyp4KHzWv8d,anonymous,EN,2,2,1,4,2,2,2,2,2,4,2,1,4,4,2,5,3,5,5,2,3,4,2,3,3,1,1,1,1,1,2,2,1,3,1,2,2,3,1,1,3,64,R_DtMJvie2wK3VtOV,A
31/03/2021 08:13,31/03/2021 08:18,0,100,258,1,31/03/2021 08:18,R_2OIpUvWZvQU33Gl,anonymous,EN,4,4,2,2,4,4,2,2,4,4,4,3,3,2,3,3,3,4,3,3,1,2,2,2,2,2,2,2,2,1,2,2,2,1,2,2,2,2,2,2,2,76,R_1r9cEkXeZph8VOX,A
31/03/2021 08:52,31/03/2021 09:01,0,100,542,1,31/03/2021 09:01,R_1lzYnCcCFXd9JtO,anonymous,EN,4,3,2,2,4,2,4,4,3,4,4,3,4,5,4,2,5,4,3,3,2,4,3,3,2,1,2,1,2,2,4,2,4,3,2,1,4,3,2,1,1,93,R_3shqXAOz6FJqVaI,B
31/03/2021 12:48,31/03/2021 12:50,0,100,151,1,31/03/2021 12:50,R_2XmMlwBlXDZD5yk,anonymous,EN,4,4,2,2,4,4,2,4,4,3,4,4,3,5,4,2,4,2,4,4,2,2,2,2,2,2,2,1,1,1,1,1,1,1,3,3,3,4,3,3,3,89,R_2Tw7QtxDu4KNP0A,A
01/04/2021 03:03,01/04/2021 03:08,0,100,309,1,01/04/2021 03:08,R_1l0PZwH1zrKIZDP,anonymous,EN,1,1,1,5,4,1,1,1,1,5,1,3,1,2,2,1,1,1,5,1,2,2,1,2,1,1,1,1,1,1,1,1,1,1,1,2,2,2,2,2,2,37,R_3PGmOZtWHsyufKW,B
01/04/2021 04:00,01/04/2021 04:02,0,100,143,1,01/04/2021 04:02,R_2t3jqwACs7vPkxz,anonymous,EN,4,2,1,4,2,4,1,2,3,4,2,2,3,3,2,1,2,4,4,4,1,2,1,1,1,1,1,1,1,1,1,1,1,1,1,1,1,1,1,1,1,49,R_cRUYugVYv4FTQeB,A
01/04/2021 04:05,01/04/2021 04:19,0,100,869,1,01/04/2021 04:19,R_1d4STQpxIZDzMMv,anonymous,EN,1,1,1,5,4,1,2,4,2,5,1,1,1,2,3,1,1,5,4,3,2,3,2,2,3,1,1,2,2,1,1,2,2,1,2,2,1,3,2,3,3,50,R_pDJF9TXPDxrZx4d,A
02/04/2021 09:18,02/04/2021 09:21,0,100,144,1,02/04/2021 09:21,R_21tQ0yDcxAcCXtq,anonymous,EN,1,4,3,2,4,2,4,2,4,5,4,3,3,4,2,4,4,4,5,1,2,4,2,2,3,1,1,1,1,1,3,2,2,3,3,1,1,3,2,1,2,74,R_pyrO2dkmykeNJmh,B
03/04/2021 14:08,03/04/2021 14:12,0,100,216,1,03/04/2021 14:12,R_1nUuLQyg3F2NU6z,anonymous,EN,3,4,4,2,4,2,4,1,3,3,2,3,4,4,4,2,4,5,2,1,2,3,2,2,2,3,2,2,3,2,3,3,3,2,2,3,2,3,2,3,3,88,R_1QbZVEUKO6l4rtj,B
04/04/2021 07:40,04/04/2021 07:47,0,100,407,1,04/04/2021 07:47,R_2VOPWo7g4v4Ywmg,anonymous,EN,4,4,1,2,5,2,4,4,4,5,2,3,3,2,2,1,2,5,4,1,1,2,1,1,1,2,1,3,1,1,1,2,3,1,1,1,1,1,2,1,1,56,R_3oG9cqzfkxzN1UI,A
04/04/2021 09:42,04/04/2021 09:45,0,100,214,1,04/04/2021 09:45,R_3aUY1yismwsF5Pb,anonymous,EN,4,4,4,4,5,5,5,5,4,5,4,1,4,4,2,1,1,4,4,2,2,2,2,2,2,2,2,2,2,2,2,2,2,2,2,2,2,2,2,2,2,78,R_3IRa0NXYeJ5399Q,A
04/04/2021 16:38,04/04/2021 16:42,0,100,243,1,04/04/2021 16:42,R_1ImgMP4a9WnVfno,anonymous,EN,4,3,2,3,2,4,3,4,4,3,3,5,3,4,3,3,4,3,3,4,2,3,1,2,3,1,2,3,2,2,3,3,3,1,2,2,3,2,2,3,3,94,R_sgTtU4s0wWA2FfX,A
04/04/2021 18:40,04/04/2021 18:49,0,100,597,1,04/04/2021 18:50,R_cvTrjhO0Amohkop,anonymous,EN,2,2,2,4,4,4,2,4,2,4,2,2,2,4,3,1,2,4,2,2,2,3,3,3,3,2,2,2,3,1,2,2,1,2,3,3,2,3,2,2,3,74,R_2wN7KCVDLGLBEic,B
05/04/2021 05:42,05/04/2021 05:47,0,100,290,1,05/04/2021 05:47,R_1LOSAaYEOFoQqZU,anonymous,EN,2,2,2,4,4,4,2,3,4,4,4,4,4,4,4,4,4,4,4,3,2,3,3,3,3,3,2,1,2,2,3,3,3,3,2,3,3,3,3,3,3,93,R_vpKYNwgGXi4oZDb,B
05/04/2021 07:20,05/04/2021 07:25,0,100,307,1,05/04/2021 07:25,R_1LCEzpGJN0riy8l,anonymous,EN,2,5,4,1,5,2,5,2,4,1,4,5,2,5,5,2,2,1,2,1,2,3,3,1,3,2,1,1,1,1,1,1,1,1,3,1,1,3,1,2,1,83,R_3PQNLw2Reszh71J,A
05/04/2021 08:57,05/04/2021 09:04,0,100,415,1,05/04/2021 09:04,R_1mr8RBRovGzro63,anonymous,EN,4,4,3,2,4,4,2,3,4,4,2,2,2,3,4,4,2,4,4,1,2,3,1,3,2,1,1,3,1,2,1,3,2,1,2,1,3,3,2,2,3,75,R_2EGpeY76E7oPXbp,A
06/04/2021 04:44,06/04/2021 04:52,0,100,428,1,06/04/2021 04:52,R_2wKzoaVD7vVo0wy,anonymous,EN,2,2,1,4,3,2,2,1,2,2,1,2,2,2,2,1,2,3,4,4,1,1,1,1,2,1,1,1,1,1,2,2,1,1,3,3,1,3,3,1,3,53,R_yyJYbpB5LowHWHT,B
06/04/2021 09:30,06/04/2021 09:34,0,100,217,1,06/04/2021 09:34,R_ukvQr49HkxhhYLT,anonymous,EN,4,4,2,1,4,4,3,4,4,3,4,4,4,4,3,3,4,3,3,4,2,2,2,2,2,2,2,3,2,1,3,2,2,2,2,3,3,3,2,2,2,95,R_1Kj9lQkZB5XrxuF,A
06/04/2021 09:59,06/04/2021 10:00,0,100,67,1,06/04/2021 10:00,R_1rDlvMmQk0EYg8N,anonymous,EN,1,2,3,4,5,4,3,2,1,2,3,4,5,4,3,2,1,2,3,4,1,2,3,4,3,2,1,2,3,4,3,2,1,2,3,4,3,2,1,2,3,84,R_30nH25y1ouaFbT0,A
06/04/2021 10:24,06/04/2021 10:27,0,100,182,1,06/04/2021 10:27,R_WvXCkmdDSCMpHu9,anonymous,EN,2,2,5,4,5,2,4,3,2,5,1,3,2,1,3,1,3,4,4,2,2,4,2,3,3,1,1,2,3,3,1,1,2,1,2,2,1,1,2,2,3,63,R_3mmcSVIVecAwJCE,A
06/04/2021 11:33,06/04/2021 11:35,0,100,145,1,06/04/2021 11:35,R_YXraTaorY2NgENz,anonymous,EN,1,1,1,5,3,2,1,3,1,5,1,2,1,1,3,4,1,5,5,2,1,2,2,2,1,1,1,1,1,1,1,1,1,1,1,2,1,2,2,1,1,38,R_1pFpsmL7jqHN9A6,A
07/04/2021 10:59,07/04/2021 11:01,0,100,75,1,07/04/2021 11:01,R_2zHiTovZIOS9cMQ,anonymous,EN,4,3,4,2,4,4,4,3,4,4,3,4,2,4,2,4,4,4,4,4,4,3,4,3,3,4,3,3,3,3,4,2,2,3,2,2,3,2,3,3,3,104,R_2c6ENvNglMfTuLi,A
08/04/2021 04:25,08/04/2021 04:31,0,100,351,1,08/04/2021 04:31,R_3lxp2njDxRGwK7y,anonymous,EN,4,5,1,4,4,2,4,5,4,4,3,4,2,1,2,3,5,4,5,5,3,2,2,3,3,1,1,2,1,1,3,3,3,2,2,4,2,1,4,4,1,86,R_2THIkH4Bs73YtKe,B
08/04/2021 10:36,08/04/2021 10:43,0,100,376,1,08/04/2021 10:43,R_3JmTrPMDyuq5ZQJ,anonymous,EN,4,4,1,1,4,4,4,2,4,4,2,3,3,4,3,3,5,5,5,1,2,2,3,2,2,1,1,4,1,1,1,2,2,1,2,2,2,2,3,2,2,76,R_vNNMfsOonmsNRi9,A
09/04/2021 04:35,09/04/2021 04:39,0,100,279,1,09/04/2021 04:39,R_2VqgprAHkoVB8QE,anonymous,EN,2,2,2,4,4,2,1,3,2,5,1,1,1,2,3,2,2,4,4,2,2,2,1,1,2,1,1,3,1,4,2,2,1,1,2,1,2,3,2,1,1,52,R_12PEUQjgNhnvHh2,A
09/04/2021 05:30,09/04/2021 05:35,0,100,251,1,09/04/2021 05:35,R_Byu4E5nHbaxb1UB,anonymous,EN,1,2,1,5,5,1,1,2,1,3,1,1,2,4,3,4,1,4,5,5,3,4,1,2,1,1,1,1,4,1,1,1,4,3,2,3,4,3,4,1,2,63,R_1FEQuXHHcYmLo1w,A
10/04/2021 07:54,10/04/2021 07:58,0,100,211,1,10/04/2021 07:58,R_28H54vAvxMmX12x,anonymous,EN,5,5,3,1,5,5,3,5,5,3,5,4,5,5,3,1,5,5,3,3,2,3,3,3,2,2,3,3,1,1,4,2,1,2,2,4,3,4,4,4,3,108,R_2agDebXatm3WM3r,A
10/04/2021 12:58,10/04/2021 13:00,0,100,129,1,10/04/2021 13:00,R_1E0Bn0jmhz2mq0E,anonymous,EN,3,4,4,2,4,4,5,3,3,3,4,4,4,4,4,2,5,5,4,1,3,3,4,4,3,4,4,1,3,3,4,4,4,4,3,2,4,4,4,3,3,114,R_30iUT2pdUYYk52f,B
10/04/2021 13:28,10/04/2021 13:31,0,100,157,1,10/04/2021 13:31,R_23gdoCrX31UFhPA,anonymous,EN,1,1,1,5,4,1,1,2,2,4,1,1,1,1,3,3,2,1,4,2,1,1,1,1,1,1,1,1,1,1,1,1,1,1,1,1,1,1,1,1,1,35,R_3G0qHWhB0zU9ChJ,A
10/04/2021 14:23,10/04/2021 14:53,0,100,1804,1,10/04/2021 14:53,R_3Pt6VhmJOYIPefk,anonymous,EN,4,4,2,2,5,5,4,1,4,5,5,1,5,5,2,2,1,1,5,5,3,3,3,3,3,3,3,4,3,3,3,3,3,3,2,4,4,4,2,2,4,103,R_2WHJqa4LcYlkYPV,A
11/04/2021 08:53,11/04/2021 08:55,0,100,78,1,11/04/2021 08:55,R_BLqFajY0uHq9F1n,anonymous,EN,1,3,2,4,2,3,5,1,2,3,2,4,5,1,2,3,1,1,3,2,1,3,2,2,3,4,3,2,1,2,2,3,3,2,2,1,3,1,2,4,3,80,R_PFHygDATiXXmvq9,B
12/04/2021 06:06,12/04/2021 06:07,0,100,98,1,12/04/2021 06:07,R_273GnZdr8WgZDgc,anonymous,EN,5,5,4,1,4,5,4,2,5,2,5,5,4,4,5,1,5,4,2,4,4,3,2,2,2,1,4,2,1,1,2,2,1,2,3,4,3,3,2,4,3,108,R_3kb5OwMAxDwxfPI,B
12/04/2021 11:52,12/04/2021 11:55,0,100,215,1,12/04/2021 11:55,R_1LCKqmXMhWJ6QnV,anonymous,EN,4,2,2,4,4,2,2,2,4,2,2,4,2,2,2,2,4,4,2,2,2,2,2,3,2,2,2,1,1,2,2,2,1,1,2,2,2,2,2,2,3,69,R_2S7j4QbVqmRA4IQ,A
12/04/2021 13:06,12/04/2021 13:09,0,100,193,1,12/04/2021 13:09,R_3fcSoVYahhLE4cV,anonymous,EN,2,1,1,5,2,2,2,3,2,5,2,2,1,1,3,2,2,4,3,1,1,2,2,2,2,1,1,1,1,1,1,1,1,1,3,3,2,1,3,2,2,50,R_2WNFwyyGgzExzru,B
13/04/2021 04:22,13/04/2021 04:26,0,100,205,1,13/04/2021 04:26,R_sIh9PKHc6cZC9vH,anonymous,EN,2,3,2,3,4,4,2,2,4,4,2,2,3,4,3,1,3,4,4,2,2,2,1,2,2,1,1,1,1,1,2,2,1,1,2,1,1,3,2,2,1,61,R_3DhwrOCTsEXGqKG,B
13/04/2021 06:55,13/04/2021 07:00,0,100,312,1,13/04/2021 07:00,R_OwBUv8MiCFzkyB3,anonymous,EN,3,4,1,3,5,4,1,2,4,5,1,2,1,1,3,1,1,5,3,5,1,3,1,2,2,1,1,1,1,2,1,1,1,2,2,2,1,1,2,3,2,54,R_5u4foUlv2PiCu1H,B
13/04/2021 11:22,13/04/2021 11:29,0,100,381,1,13/04/2021 11:29,R_1o5dn1jgSCpCHqH,anonymous,EN,4,2,3,4,5,4,4,4,4,5,5,3,5,5,4,1,4,4,4,1,3,3,3,3,3,3,4,1,1,1,2,2,2,2,1,3,2,4,2,3,4,89,R_25z8jlwPZI9eTQB,A
14/04/2021 05:50,14/04/2021 05:54,0,100,260,1,14/04/2021 05:54,R_6P70sMeZ2uvyWXv,anonymous,EN,1,1,4,5,5,1,4,1,1,5,1,1,1,1,1,1,1,5,5,1,2,2,1,2,2,1,1,2,1,1,1,1,1,1,4,2,1,2,2,3,3,39,R_1KoK4NFMArjC04D,A
14/04/2021 09:07,14/04/2021 09:12,0,100,260,1,14/04/2021 09:12,R_3ixqNP9biHNAmV1,anonymous,EN,1,2,1,4,1,1,1,2,2,5,2,1,1,1,3,2,1,4,5,2,1,2,1,1,1,1,1,3,2,2,2,2,2,1,2,1,1,1,1,2,1,44,R_1OV4MUSwnK6hLV2,A
14/04/2021 10:24,14/04/2021 10:34,0,100,598,1,14/04/2021 10:34,R_rdMrunCt7tGekhP,anonymous,EN,4,4,3,2,4,3,4,2,4,4,4,2,4,4,3,3,4,4,4,3,1,3,2,2,2,3,2,2,2,3,3,2,2,4,3,3,3,2,3,2,2,92,R_qL9MpstOgut5gu5,B
14/04/2021 10:57,14/04/2021 11:02,0,100,314,1,14/04/2021 11:02,R_1MYZSQobso01qDr,anonymous,EN,4,5,3,3,2,4,2,2,4,5,1,1,4,4,2,1,2,1,4,5,1,2,2,3,2,2,1,3,3,1,3,3,3,3,4,4,2,2,3,2,2,88,R_12yELtmWhTB55pK,A